,CHAN1,CHAN2,CHAN3,CHAN4,time
0,-9.628,4.8,-10.904,8.0256,-0.0003
1,-9.976,4.96,-10.832,8.096,-0.00029949999999999996
2,-9.628,4.96,-10.832,8.0256,-0.00029899999999999995
3,-9.976,4.8,-10.904,8.096,-0.0002985
4,-9.628,4.96,-10.824,8.0256,-0.000298
5,-9.976,4.88,-10.904,8.096,-0.00029749999999999997
6,-9.628,4.88,-10.912,8.0256,-0.00029699999999999996
7,-9.976,5.04,-10.816,8.096,-0.0002965
8,-9.628,5.04,-10.824,8.096,-0.000296
9,-9.976,4.88,-10.904,8.0256,-0.00029549999999999997
10,-9.628,4.96,-10.832,8.0256,-0.00029499999999999996
11,-9.976,5.12,-10.896,8.096,-0.00029449999999999995
12,-9.628,5.12,-10.832,8.0256,-0.000294
13,-9.976,4.96,-10.912,8.096,-0.0002935
14,-9.628,5.12,-10.832,8.096,-0.00029299999999999997
15,-9.976,5.12,-10.904,8.0256,-0.00029249999999999995
16,-9.628,5.12,-10.896,8.0256,-0.000292
17,-9.976,5.28,-10.824,8.096,-0.0002915
18,-9.628,5.2,-10.832,7.9552000000000005,-0.00029099999999999997
19,-9.976,5.28,-10.912,8.166400000000001,-0.00029049999999999996
20,-9.628,5.2,-10.832,8.0256,-0.00029
21,-9.976,5.36,-10.896,8.096,-0.0002895
22,-9.976,5.2,-10.896,8.096,-0.000289
23,-9.628,5.44,-10.824,8.0256,-0.00028849999999999997
24,-9.628,5.36,-10.952,8.096,-0.00028799999999999995
25,-9.976,5.28,-10.784,8.0256,-0.0002875
26,-9.976,5.28,-10.832,8.096,-0.000287
27,-9.628,5.44,-10.896,8.0256,-0.00028649999999999997
28,-9.628,5.44,-10.832,8.096,-0.00028599999999999996
29,-9.976,5.28,-10.904,8.0256,-0.00028549999999999995
30,-9.628,5.36,-10.832,8.096,-0.000285
31,-9.976,5.5200000000000005,-10.904,8.0256,-0.0002845
32,-9.628,5.36,-10.896,8.0256,-0.00028399999999999996
33,-9.976,5.5200000000000005,-10.832,8.096,-0.00028349999999999995
34,-9.976,5.5200000000000005,-10.832,8.0256,-0.000283
35,-9.512,5.44,-10.904,8.096,-0.0002825
36,-9.628,5.44,-10.912,8.0256,-0.00028199999999999997
37,-9.976,5.6000000000000005,-10.832,8.096,-0.00028149999999999996
38,-9.628,5.5200000000000005,-10.904,8.096,-0.000281
39,-9.976,5.6000000000000005,-10.824,8.0256,-0.0002805
40,-9.628,5.5200000000000005,-10.824,8.0256,-0.00028
41,-9.976,5.68,-10.904,8.096,-0.00027949999999999996
42,-9.628,5.68,-10.832,8.096,-0.00027899999999999995
43,-9.976,5.5200000000000005,-10.896,8.0256,-0.0002785
44,-9.976,5.68,-10.904,8.096,-0.000278
45,-9.628,5.6000000000000005,-10.824,8.0256,-0.00027749999999999997
46,-9.976,5.6000000000000005,-10.904,8.0256,-0.00027699999999999996
47,-9.628,5.76,-10.824,8.096,-0.0002765
48,-9.628,5.76,-10.824,8.096,-0.000276
49,-9.976,5.76,-10.904,8.0256,-0.0002755
50,-9.628,5.76,-10.904,8.0256,-0.00027499999999999996
51,-9.976,5.84,-10.824,8.096,-0.00027449999999999995
52,-9.628,5.76,-10.888,8.096,-0.000274
53,-9.976,5.92,-10.832,8.0256,-0.0002735
54,-9.628,5.84,-10.832,8.166400000000001,-0.00027299999999999997
55,-9.976,5.92,-10.896,7.9552000000000005,-0.00027249999999999996
56,-9.976,5.84,-10.808,8.0256,-0.000272
57,-9.628,6.0,-10.912,8.166400000000001,-0.0002715
58,-9.628,6.0,-10.832,8.0256,-0.000271
59,-9.976,5.84,-10.904,8.096,-0.00027049999999999996
60,-9.976,5.92,-10.952,8.0256,-0.00026999999999999995
61,-9.628,6.08,-10.784,8.096,-0.0002695
62,-9.628,5.92,-10.92,8.096,-0.000269
63,-9.976,6.08,-10.816,8.0256,-0.00026849999999999997
64,-9.628,6.08,-10.896,8.0256,-0.00026799999999999995
65,-9.976,6.0,-10.824,8.096,-0.0002675
66,-9.628,6.0,-10.912,8.096,-0.000267
67,-9.976,6.16,-10.816,8.0256,-0.00026649999999999997
68,-9.628,6.16,-10.904,8.0256,-0.00026599999999999996
69,-9.976,6.0,-10.832,8.096,-0.0002655
70,-9.976,6.08,-10.816,8.0256,-0.000265
71,-9.628,6.16,-10.904,8.096,-0.0002645
72,-9.628,6.08,-10.904,8.096,-0.00026399999999999997
73,-9.976,6.24,-10.832,8.0256,-0.00026349999999999995
74,-9.976,6.16,-10.904,8.0256,-0.000263
75,-9.628,6.24,-10.824,8.096,-0.0002625
76,-9.628,6.16,-10.896,8.096,-0.00026199999999999997
77,-9.976,6.32,-10.832,8.0256,-0.00026149999999999996
78,-9.976,6.32,-10.896,8.096,-0.00026099999999999995
79,-9.628,6.16,-10.832,8.0256,-0.0002605
80,-9.976,6.24,-10.832,8.0256,-0.00026
81,-9.628,6.4,-10.904,8.096,-0.00025949999999999997
82,-9.628,6.4,-10.832,8.096,-0.00025899999999999995
83,-9.976,6.24,-10.904,8.0256,-0.0002585
84,-9.628,6.4,-10.816,8.096,-0.000258
85,-9.976,6.32,-10.904,8.0256,-0.00025749999999999997
86,-9.628,6.4,-10.904,8.0256,-0.00025699999999999996
87,-9.976,6.5600000000000005,-10.824,8.096,-0.0002565
88,-9.628,6.4,-10.832,8.0256,-0.000256
89,-9.976,6.5600000000000005,-10.904,8.096,-0.0002555
90,-9.628,6.48,-10.832,8.096,-0.00025499999999999996
91,-9.976,6.5600000000000005,-10.904,8.0256,-0.00025449999999999995
92,-9.628,6.48,-10.832,8.0256,-0.000254
93,-9.976,6.640000000000001,-10.904,8.166400000000001,-0.0002535
94,-9.628,6.5600000000000005,-10.832,8.096,-0.00025299999999999997
95,-9.976,6.640000000000001,-10.904,8.0256,-0.00025249999999999996
96,-9.976,6.5600000000000005,-10.904,8.096,-0.00025199999999999995
97,-9.628,6.72,-10.832,8.0256,-0.0002515
98,-9.628,6.5600000000000005,-10.952,8.0256,-0.000251
99,-9.976,6.72,-10.776,8.096,-0.00025049999999999996
100,-9.628,6.640000000000001,-10.896,8.096,-0.00025
101,-9.976,6.72,-10.824,8.0256,-0.0002495
102,-9.628,6.640000000000001,-10.912,8.0256,-0.000249
103,-9.976,6.8,-10.824,8.096,-0.00024849999999999997
104,-9.976,6.8,-10.824,8.0256,-0.00024799999999999996
105,-9.628,6.640000000000001,-10.904,8.096,-0.0002475
106,-9.628,6.72,-10.832,8.0256,-0.000247
107,-9.976,6.88,-10.904,8.096,-0.0002465
108,-9.976,6.72,-10.824,8.0256,-0.00024599999999999996
109,-9.628,6.88,-10.92,8.096,-0.00024549999999999995
110,-9.976,6.88,-10.904,8.096,-0.000245
111,-9.628,6.8,-10.816,8.0256,-0.0002445
112,-9.628,6.8,-10.904,8.0256,-0.00024399999999999997
113,-9.976,6.96,-10.824,8.096,-0.00024349999999999998
114,-9.628,6.96,-10.832,8.0256,-0.00024299999999999997
115,-9.976,6.88,-10.896,8.096,-0.00024249999999999999
116,-9.628,6.96,-10.904,8.0256,-0.00024199999999999997
117,-9.976,6.88,-10.832,8.096,-0.00024149999999999996
118,-9.628,7.04,-10.904,8.0256,-0.00024099999999999998
119,-9.976,6.88,-10.832,8.096,-0.0002405
120,-9.628,7.04,-10.896,8.0256,-0.00023999999999999998
121,-9.976,6.96,-10.832,8.096,-0.00023949999999999997
122,-9.628,6.96,-10.832,8.096,-0.00023899999999999998
123,-9.976,7.2,-10.896,8.0256,-0.0002385
124,-9.628,7.2,-10.888,8.0256,-0.00023799999999999998
125,-10.092,6.96,-10.824,8.096,-0.00023749999999999997
126,-9.976,7.12,-10.824,8.0256,-0.00023699999999999996
127,-9.628,7.2,-10.904,8.096,-0.00023649999999999998
128,-9.628,7.12,-10.912,8.0256,-0.000236
129,-9.976,7.28,-10.832,8.096,-0.00023549999999999998
130,-9.976,7.28,-10.816,8.096,-0.00023499999999999997
131,-9.628,7.2,-10.904,7.9552000000000005,-0.00023449999999999998
132,-9.628,7.2,-10.832,8.0256,-0.000234
133,-9.976,7.36,-10.904,8.096,-0.00023349999999999998
134,-9.628,7.36,-10.896,8.0256,-0.00023299999999999997
135,-9.976,7.2,-10.832,8.096,-0.00023249999999999996
136,-9.976,7.2,-10.952,8.096,-0.00023199999999999997
137,-9.512,7.44,-10.792,8.0256,-0.0002315
138,-9.628,7.28,-10.832,8.0256,-0.00023099999999999998
139,-9.976,7.44,-10.904,8.096,-0.00023049999999999996
140,-9.628,7.36,-10.904,8.096,-0.00022999999999999998
141,-9.976,7.44,-10.824,8.0256,-0.0002295
142,-9.976,7.36,-10.824,8.0256,-0.00022899999999999998
143,-9.628,7.5200000000000005,-10.912,8.096,-0.00022849999999999997
144,-9.628,7.5200000000000005,-10.808,8.096,-0.00022799999999999996
145,-10.092,7.36,-10.912,8.0256,-0.00022749999999999997
146,-9.976,7.5200000000000005,-10.904,8.096,-0.000227
147,-9.628,7.44,-10.824,8.0256,-0.00022649999999999998
148,-9.976,7.44,-10.832,8.0256,-0.00022599999999999996
149,-9.628,7.6000000000000005,-10.896,8.096,-0.00022549999999999998
150,-9.976,7.6000000000000005,-10.824,8.096,-0.000225
151,-9.628,7.5200000000000005,-10.904,8.0256,-0.00022449999999999998
152,-9.628,7.5200000000000005,-10.832,8.0256,-0.00022399999999999997
153,-9.976,7.68,-10.904,8.096,-0.00022349999999999996
154,-9.628,7.5200000000000005,-10.904,8.0256,-0.00022299999999999997
155,-9.976,7.68,-10.824,8.096,-0.0002225
156,-9.628,7.68,-10.832,8.0256,-0.00022199999999999998
157,-9.976,7.6000000000000005,-10.896,8.096,-0.00022149999999999996
158,-9.628,7.6000000000000005,-10.816,8.0256,-0.00022099999999999998
159,-9.976,7.84,-10.904,8.096,-0.0002205
160,-9.976,7.68,-10.832,8.0256,-0.00021999999999999998
161,-9.628,7.84,-10.904,8.096,-0.00021949999999999997
162,-9.976,7.76,-10.904,8.0256,-0.00021899999999999998
163,-9.628,7.92,-10.824,8.096,-0.00021849999999999997
164,-9.512,7.92,-10.816,8.0256,-0.00021799999999999999
165,-9.976,7.76,-10.904,8.096,-0.00021749999999999997
166,-9.628,7.92,-10.824,8.0256,-0.00021699999999999996
167,-9.976,7.84,-10.896,8.096,-0.00021649999999999998
168,-9.860000000000001,7.84,-10.832,7.9552000000000005,-0.000216
169,-9.512,8.0,-10.904,8.166400000000001,-0.00021549999999999998
170,-9.860000000000001,7.84,-10.824,8.096,-0.00021499999999999997
171,-9.512,8.0,-10.904,8.0256,-0.00021449999999999998
172,-9.860000000000001,7.92,-10.832,8.096,-0.000214
173,-9.512,8.08,-10.904,8.0256,-0.00021349999999999999
174,-9.860000000000001,7.92,-10.936,8.0256,-0.00021299999999999997
175,-9.512,8.08,-10.792,8.096,-0.00021249999999999996
176,-9.860000000000001,8.0,-10.832,8.0256,-0.00021199999999999998
177,-8.932,8.16,-10.896,8.096,-0.0002115
178,-8.932,8.16,-10.912,8.096,-0.00021099999999999998
179,3.8280000000000003,3.68,-10.824,7.9552000000000005,-0.00021049999999999997
180,4.0600000000000005,3.6,-10.824,7.9552000000000005,-0.00020999999999999998
181,-9.744,-0.8,-10.912,8.096,-0.0002095
182,-9.628,0.48,-10.824,8.096,-0.00020899999999999998
183,-9.976,0.32,-10.904,8.0256,-0.00020849999999999997
184,-9.976,0.4,-10.896,8.0256,-0.00020799999999999996
185,-9.628,0.56,-10.808,8.096,-0.00020749999999999998
186,-9.628,0.56,-10.896,8.096,-0.000207
187,-9.976,0.4,-10.824,8.0256,-0.00020649999999999998
188,-9.628,0.56,-10.824,8.0256,-0.00020599999999999997
189,-9.976,0.48,-10.904,8.096,-0.00020549999999999998
190,-9.628,0.48,-10.832,8.0256,-0.000205
191,-9.976,0.72,-10.904,8.096,-0.00020449999999999998
192,-9.976,0.64,-10.904,8.096,-0.00020399999999999997
193,-9.628,0.72,-10.824,8.0256,-0.00020349999999999996
194,-9.628,0.64,-10.832,8.0256,-0.00020299999999999997
195,-9.976,0.8,-10.904,8.096,-0.0002025
196,-9.976,0.72,-10.832,8.096,-0.00020199999999999998
197,-9.628,0.8,-10.904,8.0256,-0.00020149999999999996
198,-9.976,0.72,-10.832,8.0256,-0.00020099999999999998
199,-9.628,0.88,-10.904,8.096,-0.0002005
200,-9.628,0.88,-10.904,8.0256,-0.00019999999999999998
201,-9.976,0.72,-10.832,8.096,-0.00019949999999999997
202,-9.628,0.8,-10.904,8.096,-0.00019899999999999996
203,-9.976,0.96,-10.824,8.0256,-0.00019849999999999997
204,-9.628,0.8,-10.824,7.9552000000000005,-0.000198
205,-9.976,0.96,-10.904,8.166400000000001,-0.00019749999999999998
206,-9.628,0.88,-10.832,8.0256,-0.00019699999999999996
207,-9.976,0.96,-10.904,8.096,-0.00019649999999999998
208,-9.628,0.88,-10.904,8.096,-0.000196
209,-9.976,1.04,-10.816,7.9552000000000005,-0.00019549999999999998
210,-9.628,0.96,-10.968,8.096,-0.00019499999999999997
211,-9.976,1.04,-10.784,8.0256,-0.00019449999999999998
212,-9.976,0.96,-10.832,8.0256,-0.00019399999999999997
213,-9.628,1.12,-10.904,8.096,-0.0001935
214,-9.628,0.96,-10.904,8.0256,-0.00019299999999999997
215,-9.976,1.12,-10.824,8.096,-0.00019249999999999996
216,-9.628,1.04,-10.912,8.0256,-0.00019199999999999998
217,-9.976,1.12,-10.816,8.096,-0.0001915
218,-9.628,1.04,-10.904,8.096,-0.00019099999999999998
219,-9.976,1.2,-10.816,8.0256,-0.00019049999999999997
220,-9.628,1.12,-10.832,8.0256,-0.00018999999999999998
221,-9.976,1.28,-10.904,8.096,-0.0001895
222,-9.628,1.12,-10.824,8.0256,-0.00018899999999999999
223,-9.976,1.36,-10.896,8.096,-0.00018849999999999997
224,-9.628,1.36,-10.832,8.096,-0.00018799999999999996
225,-9.976,1.12,-10.904,8.0256,-0.00018749999999999998
226,-9.628,1.28,-10.832,8.096,-0.000187
227,-9.976,1.36,-10.904,8.0256,-0.00018649999999999998
228,-9.628,1.28,-10.92,8.096,-0.00018599999999999997
229,-9.976,1.44,-10.808,8.0256,-0.00018549999999999998
230,-9.628,1.36,-10.832,8.0256,-0.000185
231,-9.976,1.44,-10.904,8.096,-0.00018449999999999999
232,-9.628,1.36,-10.904,8.096,-0.00018399999999999997
233,-9.976,1.52,-10.816,8.0256,-0.00018349999999999996
234,-9.512,1.52,-10.824,8.0256,-0.00018299999999999998
235,-9.976,1.36,-10.904,8.096,-0.0001825
236,-9.628,1.44,-10.904,8.0256,-0.00018199999999999998
237,-9.976,1.6,-10.824,8.096,-0.00018149999999999997
238,-9.628,1.44,-10.832,8.0256,-0.00018099999999999998
239,-9.976,1.6,-10.896,8.096,-0.0001805
240,-9.628,1.6,-10.824,8.096,-0.00017999999999999998
241,-9.976,1.52,-10.904,8.0256,-0.00017949999999999997
242,-9.628,1.52,-10.832,7.9552000000000005,-0.00017899999999999996
243,-9.976,1.68,-10.904,8.166400000000001,-0.00017849999999999997
244,-9.628,1.68,-10.904,8.096,-0.000178
245,-9.976,1.52,-10.824,8.0256,-0.00017749999999999998
246,-9.628,1.6,-10.832,8.0256,-0.000177
247,-9.976,1.76,-10.904,8.166400000000001,-0.00017649999999999998
248,-9.628,1.76,-10.944,8.0256,-0.00017599999999999997
249,-9.976,1.6,-10.784,8.096,-0.00017549999999999998
250,-9.976,1.76,-10.824,8.096,-0.00017499999999999997
251,-9.628,1.68,-10.904,8.0256,-0.00017449999999999999
252,-9.628,1.68,-10.912,8.096,-0.00017399999999999997
253,-9.976,1.84,-10.816,8.0256,-0.0001735
254,-9.628,1.84,-10.832,8.0256,-0.00017299999999999998
255,-9.976,1.76,-10.896,8.096,-0.0001725
256,-9.628,1.76,-10.904,8.0256,-0.00017199999999999998
257,-9.976,1.92,-10.824,8.096,-0.00017149999999999997
258,-9.628,2.0,-10.904,8.096,-0.00017099999999999998
259,-9.976,1.76,-10.824,8.0256,-0.00017049999999999997
260,-9.628,1.92,-10.824,8.0256,-0.00016999999999999999
261,-9.976,2.0,-10.904,8.096,-0.00016949999999999997
262,-9.628,1.92,-10.832,8.0256,-0.000169
263,-9.976,2.08,-10.904,8.096,-0.00016849999999999998
264,-9.628,2.08,-10.832,8.096,-0.000168
265,-9.976,1.92,-10.904,8.0256,-0.00016749999999999998
266,-9.628,2.0,-10.912,8.096,-0.00016699999999999997
267,-9.976,2.16,-10.824,8.0256,-0.00016649999999999998
268,-9.628,2.0,-10.832,8.0256,-0.00016599999999999997
269,-9.976,2.16,-10.904,8.096,-0.00016549999999999998
270,-9.628,2.16,-10.816,8.096,-0.00016499999999999997
271,-9.976,2.08,-10.904,8.0256,-0.0001645
272,-9.628,2.08,-10.832,8.096,-0.00016399999999999997
273,-9.976,2.24,-10.904,8.0256,-0.0001635
274,-9.628,2.16,-10.904,8.0256,-0.00016299999999999998
275,-9.976,2.24,-10.824,8.096,-0.0001625
276,-9.976,2.16,-10.832,8.0256,-0.00016199999999999998
277,-9.628,2.32,-10.904,8.096,-0.00016149999999999997
278,-9.628,2.16,-10.904,8.096,-0.00016099999999999998
279,-9.976,2.32,-10.832,8.0256,-0.00016049999999999997
280,-9.976,2.32,-10.832,7.9552000000000005,-0.00015999999999999999
281,-9.628,2.24,-10.896,8.166400000000001,-0.00015949999999999997
282,-9.628,2.24,-10.896,8.0256,-0.000159
283,-9.976,2.4,-10.832,8.096,-0.00015849999999999998
284,-9.628,2.4,-10.888,8.0256,-0.000158
285,-9.976,2.32,-10.832,8.096,-0.00015749999999999998
286,-9.628,2.24,-10.944,8.0256,-0.00015699999999999997
287,-9.976,2.48,-10.784,8.096,-0.00015649999999999998
288,-9.628,2.48,-10.904,8.0256,-0.00015599999999999997
289,-9.976,2.32,-10.832,8.096,-0.00015549999999999999
290,-9.628,2.4,-10.816,8.0256,-0.00015499999999999997
291,-9.976,2.56,-10.92,8.096,-0.0001545
292,-9.628,2.4,-10.832,8.096,-0.00015399999999999998
293,-9.976,2.64,-10.904,8.0256,-0.0001535
294,-9.628,2.64,-10.832,8.096,-0.00015299999999999998
295,-9.976,2.48,-10.904,8.0256,-0.0001525
296,-9.976,2.56,-10.832,8.0256,-0.00015199999999999998
297,-9.628,2.72,-10.904,8.096,-0.00015149999999999997
298,-9.628,2.56,-10.832,8.0256,-0.00015099999999999998
299,-9.976,2.72,-10.896,8.096,-0.00015049999999999997
300,-9.628,2.64,-10.896,8.096,-0.00015
301,-9.976,2.72,-10.832,8.0256,-0.00014949999999999997
302,-9.628,2.64,-10.832,8.0256,-0.000149
303,-9.976,2.8000000000000003,-10.904,8.096,-0.00014849999999999998
304,-9.976,2.8000000000000003,-10.832,8.0256,-0.000148
305,-9.628,2.72,-10.904,8.096,-0.00014749999999999998
306,-9.976,2.72,-10.832,8.096,-0.00014699999999999997
307,-9.628,2.88,-10.904,8.0256,-0.00014649999999999998
308,-9.976,2.88,-10.832,8.0256,-0.00014599999999999997
309,-9.628,2.72,-10.904,8.096,-0.00014549999999999999
310,-9.628,2.88,-10.832,8.096,-0.00014499999999999997
311,-9.976,2.8000000000000003,-10.904,8.0256,-0.0001445
312,-9.976,2.8000000000000003,-10.832,8.0256,-0.00014399999999999998
313,-9.628,2.96,-10.896,8.096,-0.0001435
314,-9.628,2.96,-10.816,8.0256,-0.00014299999999999998
315,-9.976,2.88,-10.912,8.096,-0.0001425
316,-9.628,2.88,-10.832,7.9552000000000005,-0.00014199999999999998
317,-9.976,3.04,-10.904,8.166400000000001,-0.00014149999999999997
318,-9.628,2.88,-10.904,8.0256,-0.00014099999999999998
319,-9.976,3.04,-10.832,8.166400000000001,-0.00014049999999999997
320,-9.628,2.96,-10.904,8.0256,-0.00014
321,-9.976,3.12,-10.824,8.096,-0.00013949999999999998
322,-9.628,2.96,-10.944,8.096,-0.000139
323,-9.976,3.12,-10.8,8.0256,-0.00013849999999999998
324,-9.628,3.12,-10.784,8.096,-0.000138
325,-9.976,3.04,-10.928,8.0256,-0.00013749999999999998
326,-9.976,3.04,-10.832,8.0256,-0.00013699999999999997
327,-9.628,3.2800000000000002,-10.912,8.096,-0.00013649999999999998
328,-9.976,3.04,-10.904,8.096,-0.00013599999999999997
329,-9.628,3.2800000000000002,-10.808,8.0256,-0.0001355
330,-9.628,3.2,-10.832,8.0256,-0.00013499999999999997
331,-9.976,3.36,-10.904,8.096,-0.0001345
332,-9.976,3.2,-10.832,8.0256,-0.00013399999999999998
333,-9.628,3.36,-10.912,8.096,-0.0001335
334,-9.628,3.2,-10.824,8.0256,-0.00013299999999999998
335,-9.976,3.36,-10.912,8.166400000000001,-0.00013249999999999997
336,-9.976,3.2800000000000002,-10.832,8.0256,-0.00013199999999999998
337,-9.512,3.44,-10.896,8.096,-0.00013149999999999997
338,-9.628,3.44,-10.896,8.0256,-0.00013099999999999999
339,-9.976,3.2800000000000002,-10.816,8.096,-0.00013049999999999997
340,-9.628,3.36,-10.832,8.096,-0.00013
341,-9.976,3.44,-10.904,8.0256,-0.00012949999999999998
342,-9.976,3.36,-10.832,8.0256,-0.000129
343,-9.628,3.52,-10.904,8.166400000000001,-0.00012849999999999998
344,-9.976,3.44,-10.896,8.096,-0.000128
345,-9.628,3.52,-10.832,8.0256,-0.00012749999999999998
346,-9.976,3.44,-10.904,8.0256,-0.00012699999999999997
347,-9.628,3.6,-10.832,8.096,-0.00012649999999999998
348,-9.628,3.6,-10.832,8.0256,-0.00012599999999999997
349,-9.976,3.44,-10.896,8.096,-0.0001255
350,-9.628,3.52,-10.832,8.096,-0.00012499999999999998
351,-9.976,3.6,-10.904,8.0256,-0.0001245
352,-9.628,3.52,-10.896,8.0256,-0.00012399999999999998
353,-9.976,3.68,-10.816,8.096,-0.0001235
354,-9.976,3.68,-10.832,8.166400000000001,-0.00012299999999999998
355,-9.512,3.6,-10.904,7.9552000000000005,-0.00012249999999999997
356,-9.628,3.6,-10.904,8.096,-0.00012199999999999998
357,-9.976,3.7600000000000002,-10.816,8.0256,-0.00012149999999999997
358,-9.628,3.6,-10.832,8.096,-0.00012099999999999999
359,-9.976,3.7600000000000002,-10.904,8.0256,-0.00012049999999999997
360,-9.628,3.68,-10.96,8.0256,-0.00011999999999999999
361,-9.976,3.84,-10.792,8.096,-0.00011949999999999998
362,-9.628,3.68,-10.824,8.096,-0.00011899999999999999
363,-9.976,3.92,-10.928,8.0256,-0.00011849999999999998
364,-9.628,3.84,-10.912,8.096,-0.000118
365,-9.976,3.92,-10.816,8.0256,-0.00011749999999999998
366,-9.628,3.84,-10.816,8.0256,-0.00011699999999999997
367,-9.976,4.0,-10.896,8.096,-0.00011649999999999999
368,-9.628,4.0,-10.904,8.0256,-0.00011599999999999997
369,-9.976,3.84,-10.824,8.096,-0.00011549999999999999
370,-9.976,3.92,-10.816,8.0256,-0.00011499999999999998
371,-9.628,4.0,-10.904,8.096,-0.00011449999999999999
372,-9.628,3.92,-10.832,8.096,-0.00011399999999999998
373,-9.976,4.08,-10.904,8.0256,-0.0001135
374,-9.628,4.0,-10.896,8.0256,-0.00011299999999999998
375,-9.976,4.08,-10.824,8.096,-0.00011249999999999997
376,-9.976,4.0,-10.832,8.096,-0.00011199999999999998
377,-9.628,4.16,-10.904,8.0256,-0.00011149999999999997
378,-9.628,4.0,-10.904,8.096,-0.00011099999999999999
379,-9.976,4.16,-10.816,8.0256,-0.00011049999999999998
380,-9.628,4.08,-10.904,8.0256,-0.00010999999999999999
381,-9.976,4.16,-10.824,8.096,-0.00010949999999999998
382,-9.628,4.08,-10.832,8.0256,-0.00010899999999999999
383,-9.976,4.24,-10.904,8.096,-0.00010849999999999998
384,-9.628,4.16,-10.904,8.096,-0.00010799999999999997
385,-9.976,4.24,-10.824,8.0256,-0.00010749999999999998
386,-9.628,4.16,-10.832,8.0256,-0.00010699999999999997
387,-9.976,4.32,-10.904,8.096,-0.00010649999999999999
388,-9.628,4.32,-10.904,8.096,-0.00010599999999999997
389,-9.976,4.16,-10.832,8.0256,-0.00010549999999999999
390,-9.628,4.32,-10.832,8.0256,-0.00010499999999999998
391,-9.976,4.24,-10.904,8.096,-0.00010449999999999999
392,-9.976,4.24,-10.832,8.0256,-0.00010399999999999998
393,-9.628,4.4,-10.896,8.166400000000001,-0.0001035
394,-9.976,4.32,-10.896,8.0256,-0.00010299999999999998
395,-9.628,4.4,-10.832,8.096,-0.00010249999999999997
396,-9.628,4.32,-10.832,8.0256,-0.00010199999999999999
397,-9.976,4.48,-10.904,8.096,-0.00010149999999999997
398,-9.628,4.32,-10.8,8.0256,-0.00010099999999999999
399,-9.976,4.48,-10.944,8.096,-0.00010049999999999998
400,-9.976,4.48,-10.912,8.096,-9.999999999999999e-05
401,-9.512,4.5600000000000005,-10.832,8.0256,-9.949999999999998e-05
402,-9.628,4.48,-10.824,8.096,-9.9e-05
403,-9.976,4.64,-10.904,8.0256,-9.849999999999998e-05
404,-9.628,4.64,-10.824,8.0256,-9.799999999999997e-05
405,-9.976,4.48,-10.904,8.096,-9.749999999999998e-05
406,-9.628,4.5600000000000005,-10.832,8.096,-9.699999999999997e-05
407,-9.976,4.72,-10.896,8.0256,-9.649999999999999e-05
408,-9.628,4.5600000000000005,-10.832,8.0256,-9.599999999999998e-05
409,-9.976,4.72,-10.904,8.096,-9.549999999999999e-05
410,-9.976,4.64,-10.832,8.0256,-9.499999999999998e-05
411,-9.628,4.72,-10.896,8.096,-9.449999999999999e-05
412,-9.628,4.64,-10.832,8.0256,-9.399999999999998e-05
413,-9.976,4.8,-10.904,8.096,-9.35e-05
414,-9.628,4.72,-10.832,8.096,-9.299999999999998e-05
415,-9.976,4.8,-10.904,8.0256,-9.249999999999997e-05
416,-9.628,4.72,-10.832,8.0256,-9.199999999999999e-05
417,-9.976,4.88,-10.904,8.096,-9.149999999999997e-05
418,-9.628,4.88,-10.832,8.096,-9.099999999999999e-05
419,-9.976,4.72,-10.904,8.0256,-9.049999999999998e-05
420,-9.628,4.88,-10.832,8.096,-8.999999999999999e-05
421,-9.976,4.8,-10.896,8.0256,-8.949999999999998e-05
422,-9.628,4.8,-10.832,8.0256,-8.9e-05
423,-9.976,4.96,-10.904,8.096,-8.849999999999998e-05
424,-9.628,4.88,-10.832,8.0256,-8.799999999999997e-05
425,-9.976,4.96,-10.904,8.096,-8.749999999999999e-05
426,-9.628,4.88,-10.832,8.0256,-8.699999999999997e-05
427,-9.976,5.04,-10.904,8.096,-8.649999999999999e-05
428,-9.628,5.04,-10.832,8.096,-8.599999999999998e-05
429,-9.976,4.88,-10.904,8.0256,-8.549999999999999e-05
430,-9.628,4.96,-10.832,7.9552000000000005,-8.499999999999998e-05
431,-9.976,5.04,-10.904,8.166400000000001,-8.45e-05
432,-9.512,4.96,-10.904,8.0256,-8.399999999999998e-05
433,-9.976,5.12,-10.824,8.096,-8.35e-05
434,-9.512,5.12,-10.816,8.096,-8.299999999999998e-05
435,-9.976,5.04,-10.912,8.0256,-8.249999999999997e-05
436,-9.512,5.28,-10.944,8.0256,-8.199999999999999e-05
437,-9.976,5.12,-10.792,8.096,-8.149999999999998e-05
438,-9.628,5.12,-10.824,8.096,-8.099999999999999e-05
439,-9.976,5.28,-10.896,8.0256,-8.049999999999998e-05
440,-9.628,5.36,-10.904,8.096,-7.999999999999999e-05
441,-9.976,5.12,-10.824,8.0256,-7.949999999999998e-05
442,-9.628,5.2,-10.824,8.0256,-7.9e-05
443,-9.976,5.36,-10.912,8.096,-7.849999999999998e-05
444,-9.628,5.2,-10.912,8.096,-7.799999999999997e-05
445,-10.092,5.36,-10.832,8.0256,-7.749999999999999e-05
446,-9.628,5.36,-10.904,8.0256,-7.699999999999997e-05
447,-9.976,5.28,-10.816,8.096,-7.649999999999999e-05
448,-9.628,5.28,-10.904,8.096,-7.599999999999998e-05
449,-9.976,5.44,-10.824,8.0256,-7.549999999999999e-05
450,-9.976,5.44,-10.832,8.0256,-7.499999999999998e-05
451,-9.512,5.36,-10.904,8.096,-7.45e-05
452,-9.976,5.36,-10.824,8.096,-7.399999999999998e-05
453,-9.512,5.5200000000000005,-10.904,8.0256,-7.349999999999997e-05
454,-9.628,5.36,-10.904,8.0256,-7.299999999999999e-05
455,-9.976,5.5200000000000005,-10.824,8.096,-7.249999999999997e-05
456,-9.628,5.5200000000000005,-10.904,8.0256,-7.199999999999999e-05
457,-9.976,5.44,-10.824,8.096,-7.149999999999998e-05
458,-9.976,5.44,-10.896,8.0256,-7.099999999999999e-05
459,-9.628,5.6000000000000005,-10.832,8.096,-7.049999999999998e-05
460,-9.628,5.6000000000000005,-10.832,8.0256,-7e-05
461,-9.976,5.5200000000000005,-10.904,8.096,-6.949999999999998e-05
462,-9.628,5.5200000000000005,-10.832,8.096,-6.9e-05
463,-9.976,5.68,-10.904,8.0256,-6.849999999999998e-05
464,-9.628,5.68,-10.896,8.0256,-6.799999999999997e-05
465,-9.976,5.5200000000000005,-10.832,8.096,-6.749999999999999e-05
466,-9.860000000000001,5.6000000000000005,-10.896,7.9552000000000005,-6.699999999999998e-05
467,-9.628,5.76,-10.816,8.166400000000001,-6.649999999999999e-05
468,-9.628,5.76,-10.832,8.0256,-6.599999999999998e-05
469,-9.976,5.6000000000000005,-10.904,8.096,-6.549999999999999e-05
470,-9.628,5.76,-10.824,8.096,-6.499999999999998e-05
471,-9.976,5.68,-10.904,8.0256,-6.45e-05
472,-9.628,5.68,-10.96,8.096,-6.399999999999998e-05
473,-9.976,5.92,-10.776,8.0256,-6.349999999999997e-05
474,-9.628,5.76,-10.912,8.0256,-6.299999999999999e-05
475,-9.976,5.92,-10.824,8.096,-6.249999999999997e-05
476,-9.976,5.84,-10.904,8.096,-6.199999999999999e-05
477,-9.628,6.0,-10.824,8.0256,-6.149999999999998e-05
478,-9.976,5.84,-10.904,8.096,-6.099999999999999e-05
479,-9.628,6.0,-10.816,8.0256,-6.049999999999998e-05
480,-9.628,5.92,-10.824,8.0256,-5.9999999999999995e-05
481,-9.976,6.0,-10.912,8.096,-5.949999999999998e-05
482,-9.976,5.92,-10.904,8.096,-5.9e-05
483,-9.628,6.08,-10.824,8.0256,-5.8499999999999985e-05
484,-9.628,5.92,-10.832,8.0256,-5.799999999999997e-05
485,-9.976,6.08,-10.904,8.096,-5.749999999999999e-05
486,-9.628,6.08,-10.912,8.0256,-5.6999999999999976e-05
487,-9.976,6.0,-10.816,8.096,-5.649999999999999e-05
488,-9.628,6.0,-10.832,8.0256,-5.599999999999998e-05
489,-9.976,6.16,-10.904,8.166400000000001,-5.5499999999999994e-05
490,-9.628,6.08,-10.832,8.0256,-5.499999999999998e-05
491,-9.976,6.16,-10.904,8.096,-5.449999999999997e-05
492,-9.976,6.08,-10.832,8.096,-5.400000000000001e-05
493,-9.628,6.24,-10.904,8.0256,-5.35e-05
494,-9.628,6.08,-10.832,8.096,-5.299999999999999e-05
495,-9.976,6.24,-10.896,8.0256,-5.2499999999999975e-05
496,-9.976,6.24,-10.832,8.096,-5.199999999999996e-05
497,-9.512,6.16,-10.896,8.0256,-5.1500000000000005e-05
498,-9.976,6.16,-10.904,8.096,-5.099999999999999e-05
499,-9.628,6.32,-10.832,8.0256,-5.049999999999998e-05
500,-9.628,6.32,-10.832,8.096,-4.999999999999997e-05
501,-9.976,6.24,-10.896,8.0256,-4.950000000000001e-05
502,-9.628,6.24,-10.896,8.0256,-4.9e-05
503,-9.976,6.4,-10.824,8.096,-4.8499999999999986e-05
504,-9.976,6.4,-10.824,7.9552000000000005,-4.7999999999999974e-05
505,-9.628,6.24,-10.904,8.166400000000001,-4.749999999999996e-05
506,-9.628,6.4,-10.832,8.0256,-4.7000000000000004e-05
507,-9.976,6.32,-10.904,8.166400000000001,-4.649999999999999e-05
508,-9.976,6.32,-10.816,8.0256,-4.599999999999998e-05
509,-9.628,6.5600000000000005,-10.912,8.096,-4.549999999999997e-05
510,-9.976,6.5600000000000005,-10.944,8.096,-4.500000000000001e-05
511,-9.628,6.4,-10.776,8.0256,-4.45e-05
512,-9.976,6.48,-10.896,8.096,-4.3999999999999985e-05
513,-9.628,6.640000000000001,-10.824,8.0256,-4.349999999999997e-05
514,-9.976,6.48,-10.824,8.096,-4.299999999999996e-05
515,-9.628,6.640000000000001,-10.904,8.0256,-4.25e-05
516,-9.628,6.5600000000000005,-10.896,8.0256,-4.199999999999999e-05
517,-9.976,6.640000000000001,-10.832,8.096,-4.149999999999998e-05
518,-9.628,6.5600000000000005,-10.904,8.096,-4.0999999999999967e-05
519,-9.976,6.72,-10.824,8.0256,-4.050000000000001e-05
520,-9.628,6.72,-10.832,8.096,-3.9999999999999996e-05
521,-9.976,6.5600000000000005,-10.904,8.0256,-3.9499999999999984e-05
522,-9.976,6.640000000000001,-10.832,8.0256,-3.899999999999997e-05
523,-9.628,6.8,-10.904,8.096,-3.849999999999996e-05
524,-9.976,6.640000000000001,-10.832,8.096,-3.8e-05
525,-9.628,6.8,-10.904,8.0256,-3.749999999999999e-05
526,-9.976,6.8,-10.832,8.0256,-3.699999999999998e-05
527,-9.628,6.72,-10.904,8.096,-3.6499999999999966e-05
528,-9.976,6.72,-10.832,8.0256,-3.600000000000001e-05
529,-9.628,6.88,-10.904,8.096,-3.5499999999999996e-05
530,-9.628,6.88,-10.832,8.096,-3.499999999999998e-05
531,-9.976,6.72,-10.904,8.0256,-3.449999999999997e-05
532,-9.976,6.88,-10.832,8.096,-3.399999999999996e-05
533,-9.628,6.8,-10.904,8.0256,-3.35e-05
534,-9.628,6.8,-10.824,8.0256,-3.299999999999999e-05
535,-9.976,6.96,-10.904,8.096,-3.249999999999998e-05
536,-9.628,6.96,-10.832,8.096,-3.1999999999999965e-05
537,-9.976,6.88,-10.904,8.0256,-3.150000000000001e-05
538,-9.628,6.88,-10.896,8.0256,-3.0999999999999995e-05
539,-9.976,7.04,-10.832,8.096,-3.0499999999999982e-05
540,-9.628,7.04,-10.904,8.0256,-2.999999999999997e-05
541,-9.976,6.88,-10.824,8.096,-2.9500000000000012e-05
542,-9.976,7.04,-10.896,7.9552000000000005,-2.9e-05
543,-9.628,6.96,-10.824,8.166400000000001,-2.8499999999999988e-05
544,-9.628,6.96,-10.832,8.096,-2.7999999999999976e-05
545,-10.092,7.2,-10.912,8.0256,-2.7499999999999964e-05
546,-9.976,7.12,-10.912,8.0256,-2.7000000000000006e-05
547,-9.628,7.2,-10.832,8.166400000000001,-2.6499999999999994e-05
548,-9.976,7.04,-10.952,8.0256,-2.599999999999998e-05
549,-9.628,7.28,-10.776,8.096,-2.549999999999997e-05
550,-9.628,7.12,-10.904,8.096,-2.500000000000001e-05
551,-9.976,7.28,-10.824,8.0256,-2.45e-05
552,-9.628,7.2,-10.896,8.0256,-2.3999999999999987e-05
553,-9.976,7.28,-10.824,8.096,-2.3499999999999975e-05
554,-9.628,7.2,-10.904,8.096,-2.2999999999999963e-05
555,-9.976,7.36,-10.832,8.0256,-2.2500000000000005e-05
556,-9.628,7.36,-10.832,8.0256,-2.1999999999999993e-05
557,-9.976,7.2,-10.896,8.096,-2.149999999999998e-05
558,-9.628,7.28,-10.832,8.096,-2.099999999999997e-05
559,-9.976,7.44,-10.896,8.0256,-2.050000000000001e-05
560,-9.976,7.28,-10.832,8.096,-1.9999999999999998e-05
561,-9.628,7.44,-10.904,8.0256,-1.9499999999999986e-05
562,-9.976,7.44,-10.832,8.0256,-1.8999999999999974e-05
563,-9.628,7.36,-10.904,8.096,-1.8499999999999962e-05
564,-9.628,7.36,-10.832,8.0256,-1.8000000000000004e-05
565,-9.976,7.5200000000000005,-10.904,8.096,-1.749999999999999e-05
566,-9.628,7.5200000000000005,-10.832,8.0256,-1.699999999999998e-05
567,-9.976,7.36,-10.896,8.096,-1.6499999999999967e-05
568,-9.860000000000001,7.44,-10.824,8.0256,-1.600000000000001e-05
569,-9.628,7.6000000000000005,-10.904,8.096,-1.5499999999999997e-05
570,-9.628,7.6000000000000005,-10.832,8.096,-1.4999999999999985e-05
571,-9.976,7.44,-10.904,8.0256,-1.4499999999999973e-05
572,-9.976,7.6000000000000005,-10.824,8.0256,-1.399999999999996e-05
573,-9.512,7.5200000000000005,-10.904,8.096,-1.3500000000000003e-05
574,-9.628,7.5200000000000005,-10.904,8.096,-1.299999999999999e-05
575,-9.976,7.68,-10.832,8.0256,-1.2499999999999979e-05
576,-9.628,7.68,-10.832,8.096,-1.1999999999999966e-05
577,-9.976,7.5200000000000005,-10.904,8.0256,-1.1500000000000008e-05
578,-9.628,7.6000000000000005,-10.904,8.096,-1.0999999999999996e-05
579,-9.976,7.76,-10.824,7.9552000000000005,-1.0499999999999984e-05
580,-9.628,7.6000000000000005,-10.832,8.0256,-9.999999999999972e-06
581,-9.976,7.84,-10.912,8.166400000000001,-9.49999999999996e-06
582,-9.860000000000001,7.76,-10.904,8.096,-9.000000000000002e-06
583,-9.512,7.84,-10.824,8.0256,-8.49999999999999e-06
584,-9.860000000000001,7.76,-10.904,8.0256,-7.999999999999978e-06
585,-9.512,7.92,-10.808,8.096,-7.4999999999999655e-06
586,-9.860000000000001,7.76,-10.944,8.096,-7.0000000000000075e-06
587,-9.512,7.92,-10.784,8.0256,-6.499999999999995e-06
588,-9.860000000000001,7.84,-10.832,8.096,-5.999999999999983e-06
589,-9.512,7.92,-10.904,8.0256,-5.499999999999971e-06
590,-9.860000000000001,7.84,-10.896,8.0256,-5.000000000000013e-06
591,-9.512,8.0,-10.816,8.096,-4.500000000000001e-06
592,-9.512,8.0,-10.904,8.096,-3.999999999999989e-06
593,-9.976,7.84,-10.824,8.0256,-3.4999999999999767e-06
594,-9.860000000000001,7.92,-10.832,8.096,-2.9999999999999645e-06
595,-9.512,8.08,-10.904,8.0256,-2.5000000000000066e-06
596,-9.860000000000001,7.92,-10.832,8.096,-1.9999999999999944e-06
597,-9.512,8.08,-10.904,7.9552000000000005,-1.4999999999999823e-06
598,-9.744,8.0,-10.896,8.166400000000001,-9.9999999999997e-07
599,-3.132,8.16,-10.816,8.0256,-5.000000000000122e-07
600,-3.248,8.08,-10.832,8.096,0.0
601,4.176,-0.8,-10.904,7.9552000000000005,5.000000000000122e-07
602,-3.016,-0.32,-10.832,8.0256,1.0000000000000243e-06
603,-9.976,0.48,-10.904,8.096,1.5000000000000365e-06
604,-9.628,0.32,-10.832,8.0256,1.9999999999999944e-06
605,-9.976,0.48,-10.904,8.096,2.5000000000000066e-06
606,-9.628,0.4,-10.832,8.096,3.0000000000000187e-06
607,-9.976,0.56,-10.904,8.0256,3.500000000000031e-06
608,-9.976,0.56,-10.896,8.096,3.999999999999989e-06
609,-9.628,0.4,-10.816,8.0256,4.500000000000001e-06
610,-9.628,0.48,-10.832,8.0256,5.000000000000013e-06
611,-9.976,0.72,-10.896,8.096,5.500000000000025e-06
612,-9.628,0.64,-10.896,8.096,6.000000000000037e-06
613,-9.976,0.72,-10.824,8.0256,6.499999999999995e-06
614,-9.628,0.64,-10.928,8.096,7.0000000000000075e-06
615,-9.976,0.8,-10.808,8.0256,7.50000000000002e-06
616,-9.628,0.64,-10.912,7.9552000000000005,8.000000000000032e-06
617,-9.976,0.8,-10.816,8.166400000000001,8.49999999999999e-06
618,-9.512,0.72,-10.904,8.0256,9.000000000000002e-06
619,-9.976,0.8,-10.816,8.096,9.500000000000014e-06
620,-9.628,0.72,-10.904,8.0256,1.0000000000000026e-05
621,-9.976,0.88,-10.816,8.096,1.0500000000000038e-05
622,-9.628,0.96,-10.952,8.096,1.0999999999999996e-05
623,-9.976,0.72,-10.792,8.0256,1.1500000000000008e-05
624,-9.628,0.8,-10.832,8.0256,1.200000000000002e-05
625,-9.976,0.96,-10.904,8.096,1.2500000000000033e-05
626,-9.628,0.96,-10.904,8.0256,1.299999999999999e-05
627,-9.976,0.8,-10.824,8.096,1.3500000000000003e-05
628,-9.976,0.88,-10.904,8.0256,1.4000000000000015e-05
629,-9.628,1.04,-10.832,8.096,1.4500000000000027e-05
630,-9.628,0.88,-10.824,8.0256,1.4999999999999985e-05
631,-9.976,1.04,-10.904,8.096,1.5499999999999997e-05
632,-9.976,1.04,-10.832,8.096,1.600000000000001e-05
633,-9.512,0.96,-10.904,8.0256,1.650000000000002e-05
634,-9.976,0.96,-10.832,8.096,1.7000000000000034e-05
635,-9.512,1.12,-10.904,8.0256,1.749999999999999e-05
636,-9.628,1.04,-10.824,8.096,1.8000000000000004e-05
637,-9.976,1.12,-10.904,8.0256,1.8500000000000016e-05
638,-9.628,1.04,-10.912,8.096,1.9000000000000028e-05
639,-9.976,1.2,-10.824,8.0256,1.9499999999999986e-05
640,-9.628,1.2,-10.896,8.096,1.9999999999999998e-05
641,-9.976,1.04,-10.816,8.0256,2.050000000000001e-05
642,-9.976,1.12,-10.832,8.096,2.1000000000000023e-05
643,-9.628,1.2,-10.904,8.0256,2.1500000000000035e-05
644,-9.976,1.12,-10.904,8.0256,2.1999999999999993e-05
645,-9.628,1.36,-10.824,8.096,2.2500000000000005e-05
646,-9.628,1.28,-10.832,8.0256,2.3000000000000017e-05
647,-9.976,1.36,-10.896,8.096,2.350000000000003e-05
648,-9.628,1.28,-10.896,8.096,2.3999999999999987e-05
649,-9.976,1.44,-10.832,8.0256,2.45e-05
650,-9.628,1.28,-10.832,8.0256,2.500000000000001e-05
651,-9.976,1.44,-10.904,8.096,2.5500000000000024e-05
652,-9.976,1.36,-10.904,8.096,2.6000000000000036e-05
653,-9.628,1.52,-10.816,8.0256,2.6499999999999994e-05
654,-9.628,1.36,-10.912,7.9552000000000005,2.7000000000000006e-05
655,-9.976,1.52,-10.832,8.166400000000001,2.7500000000000018e-05
656,-9.628,1.44,-10.904,8.0256,2.800000000000003e-05
657,-9.976,1.52,-10.816,8.096,2.8499999999999988e-05
658,-9.628,1.44,-10.896,8.096,2.9e-05
659,-9.976,1.6,-10.824,8.0256,2.9500000000000012e-05
660,-9.628,1.6,-10.952,8.096,3.0000000000000024e-05
661,-9.976,1.44,-10.784,8.0256,3.0500000000000037e-05
662,-9.628,1.6,-10.832,8.096,3.0999999999999995e-05
663,-9.976,1.52,-10.912,8.0256,3.150000000000001e-05
664,-9.628,1.52,-10.816,8.0256,3.200000000000002e-05
665,-9.976,1.68,-10.912,8.096,3.250000000000003e-05
666,-9.628,1.68,-10.832,8.0256,3.299999999999999e-05
667,-9.976,1.6,-10.904,8.096,3.35e-05
668,-9.860000000000001,1.6,-10.832,8.0256,3.400000000000001e-05
669,-9.628,1.76,-10.904,8.096,3.4500000000000025e-05
670,-9.512,1.76,-10.832,8.0256,3.500000000000004e-05
671,-9.976,1.68,-10.896,8.166400000000001,3.5499999999999996e-05
672,-9.628,1.68,-10.824,8.096,3.600000000000001e-05
673,-9.976,1.84,-10.904,8.0256,3.650000000000002e-05
674,-9.628,1.84,-10.904,8.096,3.700000000000003e-05
675,-9.976,1.68,-10.824,8.0256,3.749999999999999e-05
676,-9.628,1.76,-10.912,8.0256,3.8e-05
677,-9.976,1.92,-10.824,8.096,3.8500000000000014e-05
678,-9.628,1.76,-10.816,8.0256,3.9000000000000026e-05
679,-9.976,2.0,-10.904,8.096,3.9499999999999984e-05
680,-9.628,1.92,-10.832,8.096,3.9999999999999996e-05
681,-9.976,2.0,-10.896,8.0256,4.050000000000001e-05
682,-9.976,1.92,-10.816,8.0256,4.100000000000002e-05
683,-9.628,2.08,-10.912,8.096,4.150000000000003e-05
684,-9.628,1.92,-10.832,8.0256,4.199999999999999e-05
685,-9.976,2.08,-10.904,8.096,4.25e-05
686,-9.628,2.0,-10.824,8.0256,4.3000000000000015e-05
687,-9.976,2.08,-10.904,8.096,4.350000000000003e-05
688,-9.628,2.0,-10.896,8.096,4.3999999999999985e-05
689,-9.976,2.16,-10.816,8.0256,4.45e-05
690,-9.628,2.16,-10.832,8.096,4.500000000000001e-05
691,-9.976,2.08,-10.904,8.0256,4.550000000000002e-05
692,-9.628,2.08,-10.832,7.9552000000000005,4.6000000000000034e-05
693,-9.976,2.24,-10.896,8.166400000000001,4.649999999999999e-05
694,-9.976,2.08,-10.832,8.096,4.7000000000000004e-05
695,-9.628,2.24,-10.904,8.0256,4.7500000000000016e-05
696,-9.628,2.16,-10.816,8.0256,4.800000000000003e-05
697,-9.976,2.32,-10.896,8.096,4.8499999999999986e-05
698,-9.976,2.16,-10.936,8.0256,4.9e-05
699,-9.512,2.32,-10.768,8.096,4.950000000000001e-05
700,-9.628,2.32,-10.92,8.096,5.000000000000002e-05
701,-9.976,2.24,-10.824,8.0256,5.0500000000000035e-05
702,-9.628,2.24,-10.904,8.0256,5.099999999999999e-05
703,-9.976,2.4,-10.824,8.096,5.1500000000000005e-05
704,-9.628,2.4,-10.832,8.096,5.200000000000002e-05
705,-9.976,2.24,-10.904,8.0256,5.250000000000003e-05
706,-9.628,2.32,-10.832,8.096,5.299999999999999e-05
707,-9.976,2.4,-10.904,8.0256,5.35e-05
708,-9.976,2.32,-10.832,8.0256,5.400000000000001e-05
709,-9.628,2.48,-10.904,8.096,5.4500000000000024e-05
710,-9.628,2.48,-10.904,8.096,5.5000000000000036e-05
711,-9.976,2.4,-10.824,8.0256,5.5499999999999994e-05
712,-9.976,2.4,-10.904,8.0256,5.6000000000000006e-05
713,-9.628,2.64,-10.824,8.096,5.650000000000002e-05
714,-9.628,2.64,-10.896,8.0256,5.700000000000003e-05
715,-9.976,2.4,-10.824,8.096,5.749999999999999e-05
716,-9.628,2.56,-10.896,8.0256,5.8e-05
717,-9.976,2.64,-10.832,8.096,5.850000000000001e-05
718,-9.628,2.56,-10.832,8.0256,5.9000000000000025e-05
719,-9.976,2.72,-10.904,8.096,5.950000000000004e-05
720,-9.976,2.72,-10.904,8.096,5.9999999999999995e-05
721,-9.512,2.56,-10.824,8.0256,6.050000000000001e-05
722,-9.628,2.64,-10.896,8.0256,6.100000000000002e-05
723,-9.976,2.8000000000000003,-10.824,8.096,6.150000000000003e-05
724,-9.976,2.8000000000000003,-10.904,8.096,6.199999999999999e-05
725,-9.512,2.64,-10.824,8.0256,6.25e-05
726,-9.976,2.8000000000000003,-10.832,8.096,6.300000000000001e-05
727,-9.628,2.72,-10.912,8.0256,6.350000000000003e-05
728,-9.976,2.72,-10.832,7.9552000000000005,6.399999999999998e-05
729,-9.628,2.88,-10.904,8.166400000000001,6.45e-05
730,-9.976,2.8000000000000003,-10.832,8.0256,6.500000000000001e-05
731,-9.628,2.88,-10.904,8.166400000000001,6.550000000000002e-05
732,-9.628,2.8000000000000003,-10.832,8.0256,6.600000000000003e-05
733,-9.976,2.96,-10.896,8.096,6.649999999999999e-05
734,-9.628,2.96,-10.808,8.0256,6.7e-05
735,-9.976,2.8000000000000003,-10.944,8.096,6.750000000000001e-05
736,-9.628,2.96,-10.776,8.096,6.800000000000003e-05
737,-9.976,2.88,-10.928,8.0256,6.849999999999998e-05
738,-9.512,2.88,-10.824,8.0256,6.9e-05
739,-9.976,3.04,-10.904,8.096,6.950000000000001e-05
740,-9.628,3.04,-10.824,8.0256,7.000000000000002e-05
741,-9.976,2.96,-10.904,8.096,7.050000000000003e-05
742,-9.628,2.96,-10.816,8.096,7.099999999999999e-05
743,-9.976,3.12,-10.912,8.0256,7.15e-05
744,-9.628,3.12,-10.832,8.096,7.200000000000002e-05
745,-9.976,2.96,-10.904,8.0256,7.250000000000003e-05
746,-9.628,3.04,-10.832,8.0256,7.299999999999999e-05
747,-9.976,3.2,-10.904,8.096,7.35e-05
748,-9.628,3.04,-10.904,8.0256,7.400000000000001e-05
749,-9.976,3.2800000000000002,-10.824,8.096,7.450000000000002e-05
750,-9.628,3.2,-10.832,8.0256,7.500000000000003e-05
751,-9.976,3.2800000000000002,-10.896,8.096,7.549999999999999e-05
752,-9.628,3.2,-10.896,8.0256,7.6e-05
753,-9.976,3.36,-10.832,8.096,7.650000000000002e-05
754,-9.628,3.2,-10.896,8.0256,7.700000000000003e-05
755,-9.976,3.36,-10.832,8.096,7.749999999999999e-05
756,-9.628,3.2800000000000002,-10.904,8.096,7.8e-05
757,-9.976,3.36,-10.832,8.0256,7.850000000000001e-05
758,-9.628,3.2800000000000002,-10.832,8.0256,7.900000000000002e-05
759,-9.976,3.44,-10.904,8.096,7.950000000000004e-05
760,-9.628,3.44,-10.832,8.096,7.999999999999999e-05
761,-9.976,3.36,-10.904,8.0256,8.05e-05
762,-9.976,3.36,-10.824,8.0256,8.100000000000002e-05
763,-9.628,3.52,-10.92,8.096,8.150000000000003e-05
764,-9.628,3.52,-10.832,8.0256,8.199999999999999e-05
765,-9.976,3.36,-10.904,8.096,8.25e-05
766,-9.628,3.44,-10.832,7.9552000000000005,8.300000000000001e-05
767,-9.976,3.52,-10.904,8.166400000000001,8.350000000000002e-05
768,-9.628,3.44,-10.832,8.0256,8.400000000000004e-05
769,-9.976,3.6,-10.896,8.096,8.45e-05
770,-9.628,3.52,-10.904,8.0256,8.5e-05
771,-9.976,3.6,-10.824,8.096,8.550000000000002e-05
772,-9.628,3.52,-10.944,8.0256,8.600000000000003e-05
773,-9.976,3.68,-10.776,8.096,8.649999999999999e-05
774,-9.628,3.68,-10.904,8.0256,8.7e-05
775,-9.976,3.52,-10.824,8.096,8.750000000000001e-05
776,-9.976,3.6,-10.832,8.0256,8.800000000000002e-05
777,-9.628,3.7600000000000002,-10.912,8.096,8.849999999999998e-05
778,-9.628,3.6,-10.904,8.0256,8.9e-05
779,-9.976,3.7600000000000002,-10.824,8.096,8.950000000000001e-05
780,-9.976,3.7600000000000002,-10.816,8.096,9.000000000000002e-05
781,-9.628,3.68,-10.904,8.0256,9.050000000000003e-05
782,-9.628,3.68,-10.904,8.096,9.099999999999999e-05
783,-9.976,3.92,-10.832,8.0256,9.15e-05
784,-9.628,3.92,-10.824,8.0256,9.200000000000001e-05
785,-9.976,3.68,-10.912,8.096,9.250000000000003e-05
786,-9.976,3.84,-10.904,8.0256,9.299999999999998e-05
787,-9.512,3.92,-10.816,8.096,9.35e-05
788,-9.976,3.84,-10.832,8.0256,9.400000000000001e-05
789,-9.512,4.0,-10.904,8.096,9.450000000000002e-05
790,-9.628,4.0,-10.824,8.096,9.500000000000003e-05
791,-9.976,3.92,-10.904,8.0256,9.549999999999999e-05
792,-9.628,3.92,-10.824,8.096,9.6e-05
793,-9.976,4.08,-10.912,8.0256,9.650000000000001e-05
794,-9.976,3.92,-10.904,8.096,9.700000000000003e-05
795,-9.628,4.08,-10.824,8.0256,9.749999999999998e-05
796,-9.628,4.0,-10.832,8.0256,9.8e-05
797,-9.976,4.08,-10.904,8.096,9.850000000000001e-05
798,-9.628,4.0,-10.808,8.0256,9.900000000000002e-05
799,-9.976,4.16,-10.912,8.096,9.950000000000003e-05
800,-9.628,4.08,-10.832,8.096,9.999999999999999e-05
801,-9.976,4.16,-10.904,8.0256,0.0001005
802,-9.628,4.08,-10.824,8.096,0.00010100000000000002
803,-9.976,4.24,-10.896,8.0256,0.00010150000000000003
804,-9.628,4.24,-10.824,7.9552000000000005,0.00010199999999999999
805,-9.976,4.08,-10.896,8.166400000000001,0.0001025
806,-9.512,4.16,-10.832,8.0256,0.00010300000000000001
807,-9.976,4.32,-10.896,8.096,0.00010350000000000002
808,-9.628,4.16,-10.832,8.166400000000001,0.00010400000000000003
809,-9.976,4.32,-10.896,7.9552000000000005,0.00010449999999999999
810,-9.976,4.16,-10.936,8.0256,0.000105
811,-9.628,4.4,-10.784,8.096,0.00010550000000000002
812,-9.628,4.24,-10.832,8.096,0.00010600000000000003
813,-9.976,4.4,-10.904,8.0256,0.00010649999999999999
814,-9.628,4.4,-10.832,8.096,0.000107
815,-9.976,4.24,-10.912,8.0256,0.00010750000000000001
816,-9.976,4.4,-10.824,8.0256,0.00010800000000000002
817,-9.628,4.32,-10.904,8.096,0.00010849999999999998
818,-9.628,4.32,-10.832,8.096,0.00010899999999999999
819,-9.976,4.5600000000000005,-10.904,8.0256,0.0001095
820,-9.512,4.48,-10.832,8.096,0.00011000000000000002
821,-9.976,4.5600000000000005,-10.896,8.0256,0.00011050000000000003
822,-9.628,4.48,-10.832,8.0256,0.00011099999999999999
823,-9.976,4.64,-10.904,8.096,0.0001115
824,-9.976,4.48,-10.832,8.0256,0.00011200000000000001
825,-9.512,4.64,-10.904,8.096,0.00011250000000000002
826,-9.628,4.5600000000000005,-10.824,8.0256,0.00011299999999999998
827,-9.976,4.64,-10.904,8.096,0.0001135
828,-9.628,4.5600000000000005,-10.912,8.096,0.000114
829,-9.976,4.72,-10.816,8.0256,0.00011450000000000002
830,-9.976,4.72,-10.832,8.0256,0.00011500000000000003
831,-9.628,4.64,-10.904,8.096,0.00011549999999999999
832,-9.976,4.64,-10.824,8.0256,0.000116
833,-9.628,4.8,-10.904,8.096,0.00011650000000000001
834,-9.628,4.8,-10.824,8.096,0.00011700000000000002
835,-9.976,4.64,-10.928,8.0256,0.00011749999999999998
836,-9.512,4.72,-10.824,8.096,0.000118
837,-9.976,4.8,-10.904,8.0256,0.00011850000000000001
838,-9.628,4.72,-10.832,8.096,0.00011900000000000002
839,-9.976,4.88,-10.896,8.0256,0.00011950000000000003
840,-9.628,4.88,-10.824,8.0256,0.00011999999999999999
841,-9.976,4.72,-10.904,8.096,0.0001205
842,-9.628,4.8,-10.816,8.166400000000001,0.00012100000000000001
843,-9.976,4.96,-10.896,7.9552000000000005,0.00012150000000000003
844,-9.628,4.8,-10.832,8.0256,0.00012199999999999998
845,-9.976,4.96,-10.904,8.096,0.0001225
846,-9.976,4.88,-10.832,8.0256,0.000123
847,-9.628,5.04,-10.904,8.166400000000001,0.00012350000000000002
848,-9.628,4.88,-10.952,8.0256,0.00012400000000000003
849,-9.976,5.04,-10.792,8.096,0.0001245
850,-9.976,5.04,-10.832,8.096,0.000125
851,-9.628,4.96,-10.904,8.0256,0.00012550000000000001
852,-9.628,4.96,-10.904,8.096,0.00012600000000000003
853,-9.976,5.12,-10.824,8.0256,0.00012649999999999998
854,-9.628,4.96,-10.824,8.0256,0.000127
855,-9.976,5.12,-10.904,8.096,0.0001275
856,-9.628,5.12,-10.904,8.0256,0.00012800000000000002
857,-9.976,5.12,-10.824,8.096,0.00012850000000000003
858,-9.628,5.12,-10.816,8.096,0.000129
859,-9.976,5.28,-10.904,8.0256,0.0001295
860,-9.976,5.28,-10.832,8.0256,0.00013000000000000002
861,-9.628,5.12,-10.896,8.096,0.00013050000000000003
862,-9.628,5.2,-10.832,8.096,0.00013099999999999999
863,-9.976,5.28,-10.896,8.0256,0.0001315
864,-9.976,5.2,-10.832,8.096,0.000132
865,-9.628,5.36,-10.904,8.0256,0.00013250000000000002
866,-9.976,5.28,-10.896,8.0256,0.00013299999999999998
867,-9.628,5.36,-10.832,8.096,0.0001335
868,-9.628,5.28,-10.896,8.096,0.000134
869,-9.976,5.44,-10.832,8.0256,0.00013450000000000002
870,-9.628,5.36,-10.904,8.096,0.00013500000000000003
871,-9.976,5.44,-10.816,8.0256,0.0001355
872,-9.628,5.36,-10.928,8.096,0.000136
873,-9.976,5.5200000000000005,-10.824,8.0256,0.0001365
874,-9.628,5.36,-10.888,8.096,0.00013700000000000002
875,-9.976,5.5200000000000005,-10.816,8.0256,0.00013749999999999998
876,-9.628,5.5200000000000005,-10.832,8.0256,0.000138
877,-9.976,5.44,-10.904,8.096,0.0001385
878,-9.628,5.44,-10.832,7.9552000000000005,0.00013900000000000002
879,-9.976,5.6000000000000005,-10.904,8.166400000000001,0.00013950000000000003
880,-9.976,5.6000000000000005,-10.832,8.096,0.00014
881,-9.628,5.5200000000000005,-10.904,8.0256,0.0001405
882,-9.976,5.5200000000000005,-10.832,8.096,0.000141
883,-9.628,5.68,-10.896,8.0256,0.00014150000000000002
884,-9.628,5.5200000000000005,-10.936,8.0256,0.00014199999999999998
885,-9.976,5.68,-10.792,8.096,0.0001425
886,-9.628,5.68,-10.936,8.0256,0.000143
887,-9.976,5.6000000000000005,-10.816,8.096,0.00014350000000000002
888,-9.628,5.6000000000000005,-10.904,8.096,0.00014400000000000003
889,-9.976,5.76,-10.816,8.0256,0.0001445
890,-9.628,5.76,-10.816,8.0256,0.000145
891,-9.976,5.6000000000000005,-10.904,8.096,0.0001455
892,-9.628,5.76,-10.832,8.0256,0.00014600000000000003
893,-9.976,5.76,-10.904,8.096,0.00014649999999999998
894,-9.976,5.76,-10.832,8.0256,0.000147
895,-9.628,5.92,-10.896,8.096,0.0001475
896,-9.628,5.84,-10.904,8.0256,0.00014800000000000002
897,-9.976,5.92,-10.824,8.096,0.00014850000000000003
898,-9.976,5.84,-10.912,8.0256,0.000149
899,-9.628,6.0,-10.824,8.096,0.0001495
900,-9.976,5.84,-10.904,8.0256,0.00015000000000000001
901,-9.628,6.0,-10.824,8.096,0.00015050000000000003
902,-9.628,5.92,-10.896,8.096,0.00015099999999999998
903,-9.976,6.0,-10.824,8.0256,0.0001515
904,-9.628,5.92,-10.904,8.096,0.000152
905,-9.976,6.08,-10.832,8.0256,0.00015250000000000002
906,-9.628,6.08,-10.904,8.0256,0.00015300000000000003
907,-9.976,6.0,-10.816,8.096,0.0001535
908,-9.628,6.0,-10.912,8.0256,0.000154
909,-9.976,6.16,-10.824,8.096,0.00015450000000000001
910,-9.628,6.16,-10.824,8.096,0.00015500000000000003
911,-9.976,6.0,-10.904,8.0256,0.00015549999999999999
912,-9.628,6.16,-10.912,8.0256,0.000156
913,-10.092,6.08,-10.816,8.096,0.0001565
914,-9.628,6.08,-10.896,8.0256,0.00015700000000000002
915,-9.976,6.24,-10.824,8.096,0.00015749999999999998
916,-9.976,6.24,-10.904,7.9552000000000005,0.000158
917,-9.628,6.16,-10.824,8.166400000000001,0.0001585
918,-9.976,6.16,-10.912,8.0256,0.00015900000000000002
919,-9.628,6.32,-10.824,8.096,0.00015950000000000003
920,-9.628,6.16,-10.824,8.0256,0.00015999999999999999
921,-9.976,6.32,-10.904,8.096,0.0001605
922,-9.628,6.24,-10.944,8.0256,0.000161
923,-9.976,6.4,-10.784,8.096,0.00016150000000000002
924,-9.628,6.24,-10.896,8.0256,0.00016199999999999998
925,-9.976,6.4,-10.824,8.096,0.0001625
926,-9.628,6.4,-10.832,8.0256,0.000163
927,-9.976,6.32,-10.904,8.096,0.00016350000000000002
928,-9.628,6.32,-10.904,8.0256,0.00016400000000000003
929,-9.976,6.48,-10.832,8.096,0.0001645
930,-9.628,6.5600000000000005,-10.824,8.096,0.000165
931,-9.976,6.32,-10.904,8.0256,0.0001655
932,-9.976,6.48,-10.832,8.0256,0.00016600000000000002
933,-9.628,6.5600000000000005,-10.904,8.096,0.00016649999999999998
934,-9.628,6.48,-10.904,8.096,0.000167
935,-9.976,6.640000000000001,-10.824,8.0256,0.0001675
936,-9.628,6.5600000000000005,-10.904,8.0256,0.00016800000000000002
937,-9.976,6.640000000000001,-10.832,8.096,0.00016850000000000003
938,-9.628,6.5600000000000005,-10.824,8.0256,0.000169
939,-9.976,6.72,-10.904,8.096,0.0001695
940,-9.628,6.5600000000000005,-10.896,8.0256,0.00017
941,-9.976,6.72,-10.824,8.096,0.00017050000000000002
942,-9.628,6.640000000000001,-10.824,8.096,0.00017099999999999998
943,-9.976,6.72,-10.896,8.0256,0.0001715
944,-9.628,6.640000000000001,-10.912,8.096,0.000172
945,-9.976,6.8,-10.816,8.0256,0.00017250000000000002
946,-9.976,6.640000000000001,-10.832,8.096,0.00017300000000000003
947,-9.628,6.8,-10.904,8.0256,0.0001735
948,-9.976,6.72,-10.832,8.0256,0.000174
949,-9.628,6.88,-10.896,8.096,0.0001745
950,-9.976,6.88,-10.832,8.096,0.00017500000000000003
951,-9.628,6.72,-10.896,8.0256,0.00017549999999999998
952,-9.976,6.88,-10.832,8.0256,0.000176
953,-9.628,6.72,-10.904,8.096,0.0001765
954,-9.628,6.8,-10.832,7.9552000000000005,0.00017700000000000002
955,-9.976,6.96,-10.904,8.166400000000001,0.00017749999999999998
956,-9.628,6.8,-10.904,8.0256,0.000178
957,-9.976,6.96,-10.816,8.096,0.0001785
958,-9.628,6.96,-10.832,8.0256,0.00017900000000000001
959,-9.976,6.88,-10.904,8.096,0.00017950000000000003
960,-9.628,6.88,-10.952,8.096,0.00017999999999999998
961,-9.976,7.04,-10.768,8.0256,0.0001805
962,-9.628,7.04,-10.904,8.0256,0.000181
963,-9.976,6.96,-10.832,8.096,0.00018150000000000002
964,-9.976,6.96,-10.832,8.096,0.00018199999999999998
965,-9.628,7.2,-10.904,8.0256,0.0001825
966,-9.976,7.04,-10.904,8.096,0.000183
967,-9.628,7.2,-10.832,8.0256,0.00018350000000000002
968,-9.628,7.12,-10.904,8.096,0.00018400000000000003
969,-9.976,7.2,-10.816,8.0256,0.00018449999999999999
970,-9.628,7.12,-10.832,8.0256,0.000185
971,-9.976,7.28,-10.904,8.096,0.0001855
972,-9.628,7.2,-10.832,8.096,0.00018600000000000002
973,-9.976,7.28,-10.896,8.0256,0.00018649999999999998
974,-9.512,7.2,-10.896,8.096,0.000187
975,-9.976,7.36,-10.832,8.0256,0.0001875
976,-9.628,7.2,-10.832,8.0256,0.00018800000000000002
977,-9.976,7.36,-10.904,8.096,0.00018850000000000003
978,-9.628,7.36,-10.832,8.0256,0.00018899999999999999
979,-9.976,7.28,-10.904,8.096,0.00018950000000000005
980,-9.628,7.28,-10.824,8.0256,0.00019
981,-9.976,7.44,-10.912,8.096,0.00019049999999999997
982,-9.976,7.44,-10.904,8.096,0.00019100000000000003
983,-9.628,7.28,-10.824,8.0256,0.0001915
984,-9.628,7.36,-10.832,8.0256,0.00019199999999999995
985,-9.976,7.5200000000000005,-10.904,8.096,0.00019250000000000002
986,-9.628,7.36,-10.896,8.096,0.00019299999999999997
987,-9.976,7.5200000000000005,-10.816,8.0256,0.00019350000000000004
988,-9.512,7.44,-10.832,8.096,0.000194
989,-9.976,7.6000000000000005,-10.904,8.0256,0.00019449999999999996
990,-9.976,7.44,-10.832,8.0256,0.00019500000000000002
991,-9.512,7.6000000000000005,-10.904,8.096,0.00019549999999999998
992,-9.628,7.6000000000000005,-10.832,7.9552000000000005,0.00019600000000000005
993,-9.976,7.44,-10.896,8.166400000000001,0.0001965
994,-9.628,7.5200000000000005,-10.832,8.096,0.00019699999999999996
995,-9.976,7.6000000000000005,-10.904,8.0256,0.00019750000000000003
996,-9.628,7.68,-10.904,8.166400000000001,0.000198
997,-9.976,7.5200000000000005,-10.816,7.9552000000000005,0.00019850000000000005
998,-9.976,7.68,-10.936,8.0256,0.000199
999,-9.628,7.6000000000000005,-10.776,8.096,0.00019949999999999997
1000,-9.628,7.6000000000000005,-10.832,8.096,0.00020000000000000004
1001,-9.976,7.84,-10.904,8.0256,0.0002005
1002,-9.628,7.84,-10.832,8.0256,0.00020099999999999995
1003,-9.976,7.6000000000000005,-10.904,8.096,0.00020150000000000002
1004,-9.628,7.76,-10.832,8.096,0.00020199999999999998
1005,-9.976,7.84,-10.904,8.0256,0.00020250000000000004
1006,-9.860000000000001,7.76,-10.904,8.096,0.000203
1007,-9.512,7.92,-10.824,8.0256,0.00020349999999999996
1008,-9.860000000000001,7.84,-10.896,8.096,0.00020400000000000003
1009,-9.512,7.92,-10.816,8.0256,0.00020449999999999998
1010,-9.860000000000001,7.84,-10.904,8.0256,0.00020500000000000005
1011,-9.512,7.92,-10.824,8.096,0.0002055
1012,-9.860000000000001,7.84,-10.904,8.096,0.00020599999999999997
1013,-9.512,8.0,-10.832,8.0256,0.00020650000000000003
1014,-9.512,7.92,-10.832,8.0256,0.000207
1015,-9.976,8.0,-10.896,8.096,0.00020750000000000006
1016,-9.860000000000001,7.92,-10.832,8.096,0.00020800000000000001
1017,-9.512,8.08,-10.912,8.0256,0.00020849999999999997
1018,-9.860000000000001,8.0,-10.904,8.0256,0.00020900000000000004
1019,-7.888000000000001,8.08,-10.832,8.096,0.0002095
1020,-7.888000000000001,8.16,-10.888,8.0256,0.00020999999999999995
1021,4.0600000000000005,5.5200000000000005,-10.816,8.096,0.00021050000000000002
1022,2.668,5.36,-10.904,8.096,0.00021099999999999998
1023,-9.860000000000001,-0.8,-10.824,7.9552000000000005,0.00021150000000000005
1024,-9.628,0.48,-10.888,8.0256,0.000212
1025,-9.976,0.32,-10.824,8.166400000000001,0.00021249999999999996
1026,-9.628,0.48,-10.896,8.0256,0.00021300000000000003
1027,-9.976,0.4,-10.824,8.096,0.00021349999999999999
1028,-9.628,0.4,-10.904,7.9552000000000005,0.00021400000000000005
1029,-9.976,0.56,-10.832,8.166400000000001,0.0002145
1030,-9.628,0.56,-10.832,8.096,0.00021499999999999997
1031,-9.976,0.48,-10.896,8.0256,0.00021550000000000003
1032,-9.976,0.48,-10.904,8.0256,0.000216
1033,-9.628,0.72,-10.824,8.166400000000001,0.00021649999999999995
1034,-9.976,0.72,-10.96,8.0256,0.00021700000000000002
1035,-9.628,0.56,-10.784,8.096,0.00021749999999999997
1036,-9.628,0.64,-10.832,8.0256,0.00021800000000000004
1037,-9.976,0.8,-10.904,8.096,0.0002185
1038,-9.628,0.64,-10.896,8.096,0.00021899999999999996
1039,-9.976,0.8,-10.824,8.0256,0.00021950000000000002
1040,-9.512,0.72,-10.816,8.0256,0.00021999999999999998
1041,-9.976,0.88,-10.928,8.096,0.00022050000000000005
1042,-9.628,0.72,-10.824,8.0256,0.000221
1043,-9.860000000000001,0.88,-10.904,8.096,0.00022149999999999996
1044,-9.628,0.8,-10.832,8.0256,0.00022200000000000003
1045,-9.976,0.88,-10.904,8.096,0.0002225
1046,-9.628,0.8,-10.832,8.096,0.00022300000000000005
1047,-9.976,0.96,-10.904,8.0256,0.0002235
1048,-9.628,0.96,-10.832,8.0256,0.00022399999999999997
1049,-9.976,0.88,-10.896,8.096,0.00022450000000000004
1050,-9.628,0.88,-10.912,8.096,0.000225
1051,-9.976,1.04,-10.824,8.0256,0.00022549999999999995
1052,-9.976,1.04,-10.904,8.0256,0.00022600000000000002
1053,-9.512,0.88,-10.824,8.096,0.00022649999999999998
1054,-9.976,0.96,-10.904,8.0256,0.00022700000000000004
1055,-9.512,1.12,-10.824,8.096,0.0002275
1056,-9.628,1.12,-10.832,8.096,0.00022799999999999996
1057,-9.976,0.96,-10.888,8.0256,0.00022850000000000002
1058,-9.512,1.04,-10.824,8.0256,0.00022899999999999998
1059,-9.976,1.12,-10.904,8.096,0.00022950000000000005
1060,-9.628,1.04,-10.904,8.096,0.00023
1061,-9.976,1.2,-10.824,8.0256,0.00023049999999999996
1062,-9.628,1.2,-10.832,8.0256,0.00023100000000000003
1063,-9.976,1.12,-10.904,8.096,0.0002315
1064,-9.628,1.12,-10.832,8.0256,0.00023200000000000006
1065,-9.976,1.36,-10.904,8.096,0.0002325
1066,-9.628,1.36,-10.904,7.9552000000000005,0.00023299999999999997
1067,-9.976,1.12,-10.824,8.166400000000001,0.00023350000000000004
1068,-9.976,1.28,-10.832,8.0256,0.000234
1069,-9.628,1.36,-10.904,8.166400000000001,0.00023449999999999995
1070,-9.628,1.28,-10.904,8.096,0.00023500000000000002
1071,-9.976,1.44,-10.824,8.0256,0.00023549999999999998
1072,-9.628,1.44,-10.968,8.096,0.00023600000000000004
1073,-9.976,1.28,-10.8,8.0256,0.0002365
1074,-9.628,1.36,-10.832,8.0256,0.00023699999999999996
1075,-9.976,1.52,-10.904,8.096,0.00023750000000000003
1076,-9.628,1.52,-10.832,8.096,0.00023799999999999998
1077,-9.976,1.36,-10.904,8.0256,0.00023850000000000005
1078,-9.628,1.44,-10.904,8.0256,0.000239
1079,-9.976,1.52,-10.816,8.096,0.00023949999999999997
1080,-9.628,1.6,-10.824,8.096,0.00024000000000000003
1081,-9.976,1.44,-10.904,8.0256,0.0002405
1082,-9.976,1.6,-10.832,8.096,0.00024099999999999995
1083,-9.628,1.52,-10.904,8.0256,0.00024150000000000002
1084,-9.628,1.52,-10.832,8.0256,0.00024199999999999997
1085,-9.976,1.68,-10.904,8.096,0.00024250000000000004
1086,-9.628,1.68,-10.824,8.096,0.000243
1087,-9.976,1.52,-10.896,8.0256,0.00024349999999999996
1088,-9.628,1.6,-10.904,8.096,0.00024400000000000002
1089,-9.976,1.76,-10.824,8.0256,0.0002445
1090,-9.628,1.6,-10.816,8.0256,0.00024500000000000005
1091,-9.976,1.76,-10.912,8.096,0.0002455
1092,-9.628,1.76,-10.896,8.096,0.00024599999999999996
1093,-9.976,1.68,-10.824,8.0256,0.00024650000000000003
1094,-9.628,1.68,-10.824,8.0256,0.000247
1095,-9.976,1.84,-10.904,8.096,0.00024750000000000005
1096,-9.628,1.84,-10.832,8.0256,0.000248
1097,-9.976,1.76,-10.896,8.096,0.00024849999999999997
1098,-9.976,1.76,-10.896,8.096,0.00024900000000000004
1099,-9.512,2.0,-10.824,8.0256,0.0002495
1100,-9.976,2.0,-10.904,8.0256,0.00024999999999999995
1101,-9.628,1.76,-10.832,8.096,0.0002505
1102,-9.628,1.92,-10.832,8.096,0.000251
1103,-9.976,2.0,-10.904,8.0256,0.00025150000000000004
1104,-9.628,1.92,-10.896,7.9552000000000005,0.000252
1105,-9.976,2.08,-10.832,8.166400000000001,0.00025249999999999996
1106,-9.628,2.0,-10.832,8.096,0.000253
1107,-9.976,2.08,-10.904,8.0256,0.0002535
1108,-9.860000000000001,2.0,-10.832,8.0256,0.00025400000000000005
1109,-9.628,2.16,-10.904,8.096,0.0002545
1110,-9.628,2.16,-10.776,8.0256,0.00025499999999999996
1111,-9.976,2.0,-10.952,8.096,0.00025550000000000003
1112,-9.628,2.16,-10.832,8.096,0.000256
1113,-9.976,2.08,-10.904,8.0256,0.00025650000000000005
1114,-9.976,2.08,-10.832,8.0256,0.000257
1115,-9.628,2.24,-10.904,8.096,0.00025749999999999997
1116,-9.628,2.24,-10.832,8.0256,0.00025800000000000004
1117,-9.976,2.08,-10.896,8.096,0.0002585
1118,-9.976,2.16,-10.832,8.0256,0.00025899999999999995
1119,-9.628,2.32,-10.912,8.096,0.0002595
1120,-9.976,2.16,-10.832,8.096,0.00026
1121,-9.628,2.32,-10.904,8.0256,0.00026050000000000004
1122,-9.628,2.32,-10.832,8.0256,0.000261
1123,-9.976,2.24,-10.912,8.096,0.00026149999999999996
1124,-9.628,2.24,-10.832,8.0256,0.000262
1125,-9.860000000000001,2.4,-10.904,8.096,0.0002625
1126,-9.976,2.4,-10.816,8.096,0.00026300000000000005
1127,-9.628,2.32,-10.912,8.0256,0.0002635
1128,-9.976,2.32,-10.904,8.0256,0.00026399999999999997
1129,-9.512,2.48,-10.832,8.096,0.00026450000000000003
1130,-9.628,2.48,-10.832,8.096,0.000265
1131,-9.976,2.32,-10.904,8.0256,0.00026549999999999995
1132,-9.628,2.48,-10.824,8.096,0.000266
1133,-9.976,2.4,-10.904,8.0256,0.00026649999999999997
1134,-9.628,2.4,-10.832,8.0256,0.00026700000000000004
1135,-9.976,2.64,-10.896,8.096,0.0002675
1136,-9.976,2.56,-10.896,8.096,0.00026799999999999995
1137,-9.628,2.64,-10.832,8.0256,0.0002685
1138,-9.628,2.56,-10.904,8.096,0.000269
1139,-9.976,2.72,-10.824,8.0256,0.00026950000000000005
1140,-9.976,2.56,-10.832,7.9552000000000005,0.00027
1141,-9.512,2.72,-10.904,8.166400000000001,0.00027049999999999996
1142,-9.628,2.64,-10.896,8.166400000000001,0.00027100000000000003
1143,-9.976,2.72,-10.824,7.9552000000000005,0.0002715
1144,-9.628,2.64,-10.832,8.0256,0.00027200000000000005
1145,-9.976,2.8000000000000003,-10.904,8.096,0.0002725
1146,-9.628,2.64,-10.944,8.096,0.00027299999999999997
1147,-9.976,2.88,-10.816,8.0256,0.00027350000000000003
1148,-9.628,2.72,-10.784,8.0256,0.000274
1149,-9.976,2.88,-10.936,8.096,0.00027449999999999995
1150,-9.628,2.88,-10.832,8.0256,0.000275
1151,-9.976,2.72,-10.904,8.096,0.0002755
1152,-9.976,2.88,-10.904,8.096,0.00027600000000000004
1153,-9.628,2.8000000000000003,-10.824,8.0256,0.0002765
1154,-9.628,2.8000000000000003,-10.832,8.096,0.00027699999999999996
1155,-9.976,2.96,-10.904,8.0256,0.0002775
1156,-9.976,2.96,-10.832,8.096,0.000278
1157,-9.512,2.88,-10.904,8.0256,0.00027850000000000005
1158,-9.512,2.88,-10.896,8.0256,0.000279
1159,-9.976,3.04,-10.832,8.096,0.00027949999999999996
1160,-9.628,3.04,-10.832,8.096,0.00028000000000000003
1161,-9.976,2.88,-10.896,8.0256,0.0002805
1162,-9.628,3.04,-10.832,8.0256,0.00028100000000000005
1163,-9.976,2.96,-10.912,8.096,0.0002815
1164,-9.628,3.12,-10.912,8.096,0.00028199999999999997
1165,-9.976,2.96,-10.832,8.0256,0.00028250000000000004
1166,-9.976,3.12,-10.824,8.0256,0.000283
1167,-9.628,3.04,-10.904,8.096,0.00028349999999999995
1168,-9.976,3.04,-10.904,8.096,0.000284
1169,-9.628,3.2800000000000002,-10.824,8.0256,0.0002845
1170,-9.628,3.04,-10.824,8.096,0.00028500000000000004
1171,-9.976,3.2800000000000002,-10.904,8.0256,0.0002855
1172,-9.628,3.2,-10.904,8.096,0.00028599999999999996
1173,-9.976,3.2800000000000002,-10.832,8.0256,0.0002865
1174,-9.628,3.2,-10.904,8.0256,0.000287
1175,-9.976,3.36,-10.824,8.096,0.00028750000000000005
1176,-9.628,3.2800000000000002,-10.832,8.0256,0.000288
1177,-9.976,3.36,-10.904,8.096,0.00028849999999999997
1178,-9.628,3.2800000000000002,-10.832,7.9552000000000005,0.00028900000000000003
1179,-9.976,3.44,-10.896,8.166400000000001,0.0002895
1180,-9.628,3.2800000000000002,-10.904,8.096,0.00028999999999999995
1181,-9.976,3.44,-10.824,8.0256,0.0002905
1182,-9.976,3.44,-10.832,8.0256,0.00029099999999999997
1183,-9.628,3.36,-10.904,8.096,0.00029150000000000004
1184,-9.976,3.36,-10.944,8.096,0.000292
1185,-9.628,3.52,-10.792,8.0256,0.00029249999999999995
1186,-9.976,3.44,-10.832,8.0256,0.000293
1187,-9.628,3.52,-10.904,8.096,0.0002935
1188,-9.628,3.44,-10.832,8.096,0.00029400000000000004
1189,-9.976,3.6,-10.904,8.0256,0.0002945
1190,-9.628,3.44,-10.824,8.096,0.00029499999999999996
1191,-9.860000000000001,3.6,-10.896,8.0256,0.0002955
1192,-9.628,3.52,-10.832,8.096,0.000296
1193,-9.976,3.6,-10.904,8.0256,0.00029650000000000005
1194,-9.628,3.52,-10.832,8.096,0.000297
1195,-9.976,3.68,-10.896,8.0256,0.00029749999999999997
1196,-9.628,3.68,-10.904,8.096,0.00029800000000000003
1197,-9.976,3.6,-10.824,8.0256,0.0002985
1198,-9.628,3.6,-10.808,8.096,0.00029899999999999995
1199,-9.976,3.7600000000000002,-10.928,8.0256,0.0002995
